sequence,qpc,frequency,utcFileTime,status,queryNs,usageBytes,budgetBytes,capacityBytes,localHeapMask,vendor,device,uuid,luid,luidValid,heapCount,h0Flags,h0Capacity,h0Budget,h0Usage,h1Flags,h1Capacity,h1Budget,h1Usage,h2Flags,h2Capacity,h2Budget,h2Usage,h3Flags,h3Capacity,h3Budget,h3Usage,h4Flags,h4Capacity,h4Budget,h4Usage,h5Flags,h5Capacity,h5Budget,h5Usage,h6Flags,h6Capacity,h6Budget,h6Usage,h7Flags,h7Capacity,h7Budget,h7Usage,h8Flags,h8Capacity,h8Budget,h8Usage,h9Flags,h9Capacity,h9Budget,h9Usage,h10Flags,h10Capacity,h10Budget,h10Usage,h11Flags,h11Capacity,h11Budget,h11Usage,h12Flags,h12Capacity,h12Budget,h12Usage,h13Flags,h13Capacity,h13Budget,h13Usage,h14Flags,h14Capacity,h14Budget,h14Usage,h15Flags,h15Capacity,h15Budget,h15Usage
1,1553003658171,10000000,134351940434244172,5,0,0,0,0,0,0,0,00000000000000000000000000000000,0000000000000000,0,0,0,0,0,0,0,0,0,0,0,0,0,0,0,0,0,0,0,0,0,0,0,0,0,0,0,0,0,0,0,0,0,0,0,0,0,0,0,0,0,0,0,0,0,0,0,0,0,0,0,0,0,0,0,0,0,0,0,0,0,0,0,0,0,0
2,1553004155919,10000000,134351940434741919,5,0,0,0,0,0,4098,29631,00000000030000000000000000000000,D6C4010000000000,1,0,0,0,0,0,0,0,0,0,0,0,0,0,0,0,0,0,0,0,0,0,0,0,0,0,0,0,0,0,0,0,0,0,0,0,0,0,0,0,0,0,0,0,0,0,0,0,0,0,0,0,0,0,0,0,0,0,0,0,0,0,0,0,0,0
3,1553004156486,10000000,134351940434742483,1,3000,0,12319506432,17163091968,2,4098,29631,00000000030000000000000000000000,D6C4010000000000,1,2,0,16703094784,15897839616,200704,3,17163091968,12319506432,0,0,0,0,0,0,0,0,0,0,0,0,0,0,0,0,0,0,0,0,0,0,0,0,0,0,0,0,0,0,0,0,0,0,0,0,0,0,0,0,0,0,0,0,0,0,0,0,0,0,0,0,0,0,0,0,0
4,1553014335144,10000000,134351940444921150,1,10300,0,12396576768,17163091968,2,4098,29631,00000000030000000000000000000000,D6C4010000000000,1,2,0,16703094784,15897839616,200704,3,17163091968,12396576768,0,0,0,0,0,0,0,0,0,0,0,0,0,0,0,0,0,0,0,0,0,0,0,0,0,0,0,0,0,0,0,0,0,0,0,0,0,0,0,0,0,0,0,0,0,0,0,0,0,0,0,0,0,0,0,0,0
5,1553024428442,10000000,134351940455014446,1,7200,0,12396576768,17163091968,2,4098,29631,00000000030000000000000000000000,D6C4010000000000,1,2,0,16703094784,15897839616,200704,3,17163091968,12396576768,0,0,0,0,0,0,0,0,0,0,0,0,0,0,0,0,0,0,0,0,0,0,0,0,0,0,0,0,0,0,0,0,0,0,0,0,0,0,0,0,0,0,0,0,0,0,0,0,0,0,0,0,0,0,0,0,0
6,1553034447028,10000000,134351940465033033,1,6900,0,12396576768,17163091968,2,4098,29631,00000000030000000000000000000000,D6C4010000000000,1,2,0,16703094784,15897839616,200704,3,17163091968,12396576768,0,0,0,0,0,0,0,0,0,0,0,0,0,0,0,0,0,0,0,0,0,0,0,0,0,0,0,0,0,0,0,0,0,0,0,0,0,0,0,0,0,0,0,0,0,0,0,0,0,0,0,0,0,0,0,0,0
7,1553044557705,10000000,134351940475143708,1,7200,0,12396576768,17163091968,2,4098,29631,00000000030000000000000000000000,D6C4010000000000,1,2,0,16703094784,15897839616,200704,3,17163091968,12396576768,0,0,0,0,0,0,0,0,0,0,0,0,0,0,0,0,0,0,0,0,0,0,0,0,0,0,0,0,0,0,0,0,0,0,0,0,0,0,0,0,0,0,0,0,0,0,0,0,0,0,0,0,0,0,0,0,0
8,1553054661868,10000000,134351940485247872,1,7000,0,12396576768,17163091968,2,4098,29631,00000000030000000000000000000000,D6C4010000000000,1,2,0,16703094784,15897839616,200704,3,17163091968,12396576768,0,0,0,0,0,0,0,0,0,0,0,0,0,0,0,0,0,0,0,0,0,0,0,0,0,0,0,0,0,0,0,0,0,0,0,0,0,0,0,0,0,0,0,0,0,0,0,0,0,0,0,0,0,0,0,0,0
9,1553064743065,10000000,134351940495329071,1,10100,0,12396576768,17163091968,2,4098,29631,00000000030000000000000000000000,D6C4010000000000,1,2,0,16703094784,15897839616,200704,3,17163091968,12396576768,0,0,0,0,0,0,0,0,0,0,0,0,0,0,0,0,0,0,0,0,0,0,0,0,0,0,0,0,0,0,0,0,0,0,0,0,0,0,0,0,0,0,0,0,0,0,0,0,0,0,0,0,0,0,0,0,0
10,1553074925883,10000000,134351940505511889,1,6800,0,12396576768,17163091968,2,4098,29631,00000000030000000000000000000000,D6C4010000000000,1,2,0,16703094784,15897839616,200704,3,17163091968,12396576768,0,0,0,0,0,0,0,0,0,0,0,0,0,0,0,0,0,0,0,0,0,0,0,0,0,0,0,0,0,0,0,0,0,0,0,0,0,0,0,0,0,0,0,0,0,0,0,0,0,0,0,0,0,0,0,0,0
11,1553085069429,10000000,134351940515655433,1,6600,0,12375343104,17163091968,2,4098,29631,00000000030000000000000000000000,D6C4010000000000,1,2,0,16703094784,15897839616,200704,3,17163091968,12375343104,0,0,0,0,0,0,0,0,0,0,0,0,0,0,0,0,0,0,0,0,0,0,0,0,0,0,0,0,0,0,0,0,0,0,0,0,0,0,0,0,0,0,0,0,0,0,0,0,0,0,0,0,0,0,0,0,0
12,1553095057496,10000000,134351940525643502,1,9900,0,12375343104,17163091968,2,4098,29631,00000000030000000000000000000000,D6C4010000000000,1,2,0,16703094784,15897839616,200704,3,17163091968,12375343104,0,0,0,0,0,0,0,0,0,0,0,0,0,0,0,0,0,0,0,0,0,0,0,0,0,0,0,0,0,0,0,0,0,0,0,0,0,0,0,0,0,0,0,0,0,0,0,0,0,0,0,0,0,0,0,0,0
13,1553105351159,10000000,134351940535937163,1,10200,0,12375343104,17163091968,2,4098,29631,00000000030000000000000000000000,D6C4010000000000,1,2,0,16703094784,15897839616,200704,3,17163091968,12375343104,0,0,0,0,0,0,0,0,0,0,0,0,0,0,0,0,0,0,0,0,0,0,0,0,0,0,0,0,0,0,0,0,0,0,0,0,0,0,0,0,0,0,0,0,0,0,0,0,0,0,0,0,0,0,0,0,0
14,1553115383598,10000000,134351940545969600,1,10500,0,12375343104,17163091968,2,4098,29631,00000000030000000000000000000000,D6C4010000000000,1,2,0,16703094784,15897839616,200704,3,17163091968,12375343104,0,0,0,0,0,0,0,0,0,0,0,0,0,0,0,0,0,0,0,0,0,0,0,0,0,0,0,0,0,0,0,0,0,0,0,0,0,0,0,0,0,0,0,0,0,0,0,0,0,0,0,0,0,0,0,0,0
15,1553125549487,10000000,134351940556135489,1,6900,0,12375343104,17163091968,2,4098,29631,00000000030000000000000000000000,D6C4010000000000,1,2,0,16703094784,15897839616,200704,3,17163091968,12375343104,0,0,0,0,0,0,0,0,0,0,0,0,0,0,0,0,0,0,0,0,0,0,0,0,0,0,0,0,0,0,0,0,0,0,0,0,0,0,0,0,0,0,0,0,0,0,0,0,0,0,0,0,0,0,0,0,0
16,1553135536475,10000000,134351940566122479,1,6800,0,12375343104,17163091968,2,4098,29631,00000000030000000000000000000000,D6C4010000000000,1,2,0,16703094784,15897839616,200704,3,17163091968,12375343104,0,0,0,0,0,0,0,0,0,0,0,0,0,0,0,0,0,0,0,0,0,0,0,0,0,0,0,0,0,0,0,0,0,0,0,0,0,0,0,0,0,0,0,0,0,0,0,0,0,0,0,0,0,0,0,0,0
17,1553145863676,10000000,134351940576449680,1,7200,0,12375343104,17163091968,2,4098,29631,00000000030000000000000000000000,D6C4010000000000,1,2,0,16703094784,15897839616,200704,3,17163091968,12375343104,0,0,0,0,0,0,0,0,0,0,0,0,0,0,0,0,0,0,0,0,0,0,0,0,0,0,0,0,0,0,0,0,0,0,0,0,0,0,0,0,0,0,0,0,0,0,0,0,0,0,0,0,0,0,0,0,0
18,1553155900062,10000000,134351940586486067,1,9900,0,12375343104,17163091968,2,4098,29631,00000000030000000000000000000000,D6C4010000000000,1,2,0,16703094784,15897839616,200704,3,17163091968,12375343104,0,0,0,0,0,0,0,0,0,0,0,0,0,0,0,0,0,0,0,0,0,0,0,0,0,0,0,0,0,0,0,0,0,0,0,0,0,0,0,0,0,0,0,0,0,0,0,0,0,0,0,0,0,0,0,0,0
19,1553166182866,10000000,134351940596768874,1,9900,0,12375343104,17163091968,2,4098,29631,00000000030000000000000000000000,D6C4010000000000,1,2,0,16703094784,15897839616,200704,3,17163091968,12375343104,0,0,0,0,0,0,0,0,0,0,0,0,0,0,0,0,0,0,0,0,0,0,0,0,0,0,0,0,0,0,0,0,0,0,0,0,0,0,0,0,0,0,0,0,0,0,0,0,0,0,0,0,0,0,0,0,0
20,1553176358366,10000000,134351940606944370,1,6700,0,12375343104,17163091968,2,4098,29631,00000000030000000000000000000000,D6C4010000000000,1,2,0,16703094784,15897839616,200704,3,17163091968,12375343104,0,0,0,0,0,0,0,0,0,0,0,0,0,0,0,0,0,0,0,0,0,0,0,0,0,0,0,0,0,0,0,0,0,0,0,0,0,0,0,0,0,0,0,0,0,0,0,0,0,0,0,0,0,0,0,0,0
21,1553186481541,10000000,134351940617067546,1,7100,0,12375343104,17163091968,2,4098,29631,00000000030000000000000000000000,D6C4010000000000,1,2,0,16703094784,15897839616,200704,3,17163091968,12375343104,0,0,0,0,0,0,0,0,0,0,0,0,0,0,0,0,0,0,0,0,0,0,0,0,0,0,0,0,0,0,0,0,0,0,0,0,0,0,0,0,0,0,0,0,0,0,0,0,0,0,0,0,0,0,0,0,0
22,1553196705186,10000000,134351940627291188,1,7200,0,12375343104,17163091968,2,4098,29631,00000000030000000000000000000000,D6C4010000000000,1,2,0,16703094784,15897839616,200704,3,17163091968,12375343104,0,0,0,0,0,0,0,0,0,0,0,0,0,0,0,0,0,0,0,0,0,0,0,0,0,0,0,0,0,0,0,0,0,0,0,0,0,0,0,0,0,0,0,0,0,0,0,0,0,0,0,0,0,0,0,0,0
23,1553211226354,10000000,134351940641812356,1,7300,0,12276252672,17163091968,2,4098,29631,00000000030000000000000000000000,D6C4010000000000,1,2,0,16703094784,15897839616,200704,3,17163091968,12276252672,0,0,0,0,0,0,0,0,0,0,0,0,0,0,0,0,0,0,0,0,0,0,0,0,0,0,0,0,0,0,0,0,0,0,0,0,0,0,0,0,0,0,0,0,0,0,0,0,0,0,0,0,0,0,0,0,0
24,1553231861408,10000000,134351940662447410,1,9200,0,12353323008,17163091968,2,4098,29631,00000000030000000000000000000000,D6C4010000000000,1,2,0,16703094784,15897839616,200704,3,17163091968,12353323008,0,0,0,0,0,0,0,0,0,0,0,0,0,0,0,0,0,0,0,0,0,0,0,0,0,0,0,0,0,0,0,0,0,0,0,0,0,0,0,0,0,0,0,0,0,0,0,0,0,0,0,0,0,0,0,0,0
25,1553241797375,10000000,134351940672383376,1,4800,622632960,12353323008,17163091968,2,4098,29631,00000000030000000000000000000000,D6C4010000000000,1,2,0,16703094784,15897839616,128786432,3,17163091968,12353323008,622632960,0,0,0,0,0,0,0,0,0,0,0,0,0,0,0,0,0,0,0,0,0,0,0,0,0,0,0,0,0,0,0,0,0,0,0,0,0,0,0,0,0,0,0,0,0,0,0,0,0,0,0,0,0,0,0,0
26,1553251910227,10000000,134351940682496228,1,5100,622632960,12288049152,17163091968,2,4098,29631,00000000030000000000000000000000,D6C4010000000000,1,2,0,16703094784,15897839616,248520704,3,17163091968,12288049152,622632960,0,0,0,0,0,0,0,0,0,0,0,0,0,0,0,0,0,0,0,0,0,0,0,0,0,0,0,0,0,0,0,0,0,0,0,0,0,0,0,0,0,0,0,0,0,0,0,0,0,0,0,0,0,0,0,0
27,1553261824370,10000000,134351940692410372,1,5300,622632960,12288049152,17163091968,2,4098,29631,00000000030000000000000000000000,D6C4010000000000,1,2,0,16703094784,15897839616,248520704,3,17163091968,12288049152,622632960,0,0,0,0,0,0,0,0,0,0,0,0,0,0,0,0,0,0,0,0,0,0,0,0,0,0,0,0,0,0,0,0,0,0,0,0,0,0,0,0,0,0,0,0,0,0,0,0,0,0,0,0,0,0,0,0
28,1553271802217,10000000,134351940702388218,1,4900,622632960,12288049152,17163091968,2,4098,29631,00000000030000000000000000000000,D6C4010000000000,1,2,0,16703094784,15897839616,248520704,3,17163091968,12288049152,622632960,0,0,0,0,0,0,0,0,0,0,0,0,0,0,0,0,0,0,0,0,0,0,0,0,0,0,0,0,0,0,0,0,0,0,0,0,0,0,0,0,0,0,0,0,0,0,0,0,0,0,0,0,0,0,0,0
29,1553282307494,10000000,134351940712893495,1,5200,622632960,12288049152,17163091968,2,4098,29631,00000000030000000000000000000000,D6C4010000000000,1,2,0,16703094784,15897839616,248520704,3,17163091968,12288049152,622632960,0,0,0,0,0,0,0,0,0,0,0,0,0,0,0,0,0,0,0,0,0,0,0,0,0,0,0,0,0,0,0,0,0,0,0,0,0,0,0,0,0,0,0,0,0,0,0,0,0,0,0,0,0,0,0,0
30,1553292629555,10000000,134351940723215555,1,4900,622632960,12288049152,17163091968,2,4098,29631,00000000030000000000000000000000,D6C4010000000000,1,2,0,16703094784,15897839616,248520704,3,17163091968,12288049152,622632960,0,0,0,0,0,0,0,0,0,0,0,0,0,0,0,0,0,0,0,0,0,0,0,0,0,0,0,0,0,0,0,0,0,0,0,0,0,0,0,0,0,0,0,0,0,0,0,0,0,0,0,0,0,0,0,0
