ID,subsystem,version/API,current producer,current consumer,production dependency,test/fixture dependency,external/public exposure,replacement,migration path,classification,confidence,retirement condition
NCPE-01,EphemerisFormat / Simulation,NCPE v2; NcpeV2Codec; NcpeV2RuntimeHash; NcpeCelestialSystemLoader,EphemerisBuilder --synthetic / --self-test; V2Fixture(),Public neutral codec; internal byte-only runtime reconstruction; builder/format tests,"Current supported reconstruction capability; normal Solar uses SolAnalyticalDefinition, not NCPE files","In-memory v2 fixture, reconstruction hash, defensive-copy and corruption tests",Codec/neutral records/hash public in NovaCore.EphemerisFormat.dll; loader and enclosing Simulation types internal,Current authority,None for current contract,KEEP — ACTIVE CONTRACT,"High: code, callers and documented workflow agree",Only after a separately specified replacement preserves semantic identity and supported artifacts
NCPE-02,EphemerisFormat/EphemerisArtifact.cs,"NCPE v1 codec, manifest/status/input/body/interpolation types",Public EphemerisArtifactCodec.TryBuild; current test Fixture(); no CLI producer,EphemerisBuilder.Tests v1 block; public TryRead can consume external bytes,No installed NCPE file or normal runtime consumer; v2 loader explicitly rejects v1,"Canonical body ordering, binary round trip, digest mutation, duplicate-body checks",Public source and assembly API; docs promise legacy readability; no known external consumer found; no packaged publication proven,NCPE v2 plus explicit missing semantic inputs,Resolve public support first; move generic invariants to v2; retain rejection discriminator; do not invent missing body/time/source metadata,UNKNOWN — EXTERNAL CONTRACT NOT RESOLVED,High for repository absence of production usage; external support unresolved,Project Control ends or scopes legacy-read contract and accounts for externally distributed artifacts/DLLs; fixture migration validated
NCPE-03,EphemerisFormat/NcpeV2.cs; Simulation loader,UnsupportedV1Reconstruction version discriminator,40-byte negative test header,NcpeV2Codec.TryRead and loader status mapping,Fail-closed current runtime boundary,Version-one rejection test is independent of the v1 codec,Public NcpeV2Status member; internal loader status,Existing controlled rejection,Keep a minimal header-only negative fixture even if full v1 codec retires,KEEP — ACTIVE CONTRACT,High,"A deliberate error-contract change, not merely retirement of the v1 parser"
NCPE-04,EphemerisFormat/EphemerisArtifact.cs,EphemerisHash and NormalizedEphemerisSample,"v2 builder, neutral semantic records and offline NAIF sampling","v1/v2 serializers, NcpeV2RuntimeHash and offline tooling",Shared current deterministic identities and sample transport,Hash/reconstruction and source-adapter tests,Public types in same file as legacy-only types,"Same types, optionally extracted into a current shared file","Separate shared types before any legacy file deletion; preserve algorithm, bit patterns and operation order",KEEP — ACTIVE CONTRACT,High,Current v2/offline users must have an explicitly equivalent replacement
NCPE-05,tests/NovaCore.EphemerisBuilder.Tests/Program.cs,Fixture() / Body() v1 test representation,In-memory v1 test construction only,Current v1 codec test block,None,"Ordering invariance, round trip, corrupt digest, duplicate body; shared hash loop",Fixture helpers private; the codec they exercise is public,"V2Fixture() and builder self-test, with additional explicit ordering decision",Retain duplicate/corruption/round-trip checks; v2 preserves declared body/source order so do not silently translate v1 permutation-equality assertion,MIGRATE THEN RETIRE,High for invariant mapping; exact ordering contract needs decision,NCPE-02 resolved; migration preserves intended invariants without changing the frozen v2 hash contract
CUBE-01,PlanetaryProductionSurface.cs; production Pack; global generator,NCCUBE1 magic / schema 1,build_cube_surface_pack.py; earth-surface-v5 manifest,TerrainAssetCache verification; native production global Pack; physical preparation,"Required terrain-v5 global data: 126 records, 61,484,224 bytes",tiny-global schema 1; native record/digest/corruption verification,Public managed contract and documented generated artifact; native parser used by runtime,Current global authority,None; family suffix 1 is not obsolete local-format compatibility,KEEP — ACTIVE CONTRACT,"High: manifest, current bytes, generator and consumers verified",New global asset contract and validated migration; never delete because schema number is 1
CUBE-02,NCCUBE1 dataset identities,Terrain-v4 historical data versus terrain-v5 and tiny-global terrain 44,Current global generator accepts explicit --terrain-version; old generation-v4 object remains local,Generic verifier supports manifest-specific identities; production requires terrain-v5; fixture uses 44,Only current manifest-selected v5 object is production authority,Generic identity verification uses terrain 44 intentionally,Public generic format; historical bytes are not a new binary schema,Current v5 manifest plus generic identity fixture,Do not reinterpret terrainVersion as parser schema; old local objects are outside this ticket’s cleanup scope,KEEP — ACTIVE CONTRACT (generic format); historical-only old production authority,High,Any old-data retirement is a separate artifact decision; no separate v4 format reader was found
CUBE-03,PlanetaryLocalTerrain.cs; LocalTerrainPack.cpp,NCCUBE2 schema 2 / payload 1 / terrain-v4 lineage,No current generator branch emits payload 1; historical 11bccb2 did,tiny-local fixture and one old ignored 63-record pack; generic readers accept it,No production manifest; IsProductionLayout excludes it,"Tracked tiny-local is payload 1, not payload 2",Public managed decoder/API; broad backward-readability wording; no proven supported external payload-1 user,"Payload 2 for current non-regional workflow, or bounded schema-3 fixture for modern physical-data regression",Rebuild from source with current east-positive geography; migrate fixture and hashes; do not just relabel header,UNKNOWN — EXTERNAL CONTRACT NOT RESOLVED,High for historical lineage; supported external contract unresolved,Explicit payload-1 support sunset plus migrated invariant tests and geographic/parity verification
CUBE-04,tools/earth_data/build_local_terrain_pack.py; generic local readers,NCCUBE2 schema 2 / payload 2 / terrain-v5,Current non-regional --albedo/--elevation branch and --fixture branch,"Managed public local loader, generic verifier/native Pack; retained generated 63-record local object",No normal production manifest selects it; current NCSM1 residency rejects non-production layout,"Current generator’s fixture mode emits this tuple, but tracked tiny-local still uses payload 1",Current publicly available generator CLI and reader; backward-readable format documentation,Schema 3 R16/control if non-regional workflow is deliberately migrated,Define supported non-regional output contract; migrate producer and fixture together before removing schema-2 reader,KEEP — ACTIVE CONTRACT (current generator/reader workflow),High for active producer and reader; future support duration not established,"Generator no longer emits it, current artifacts migrated, public support decision made; current ticket removal gates are not met"
CUBE-05,Florida generator; LocalTerrainPack; regional residency,NCCUBE2 schema 3 / payload 3 / terrain-v5,build_local_terrain_pack.py --regional-elevation; earth-florida-m12 manifest,Managed R16/control oracle; native Pack; NCSM1 regional residency and physical preparation,"Required Florida: 859 L8-L11 records, 210,307,596 bytes; c45c6d94…",M12FloridaRegionalPhysicalSurface and current physical preparation tests,Public format types; documented required production artifact,Current regional authority,"None; retain R16 ranges, physical control and deterministic digests",KEEP — ACTIVE CONTRACT,"High: current file records, hash, manifest and consumers verified",Separate accepted physical-asset migration; P2S5H is protected
CUBE-06,TerrainAssetDistribution.cs,NovaCore.TerrainAsset/1; formatVersion 1/2/3,Tracked global/local and fixture manifests; AssetTool,"Manifest loader, verification, generator publication and runtime resolution",Current global and Florida authority,tiny-global and tiny-local manifest checks,Public managed manifest/tool API; repository-documented distribution contract,Current manifest identity contract,Any old-payload migration must change fixture manifest/hash coherently; manifest schema 1 is independent of pack family/schema,KEEP — ACTIVE CONTRACT,High,No retirement of shared manifest support based solely on old pack fields
CUBE-07,LocalTerrainPack.cpp; PlanetaryLocalTerrainTranscode; generator,Raw / PackBits storage; BC7/BC4/BC5; R16/R8,Both current local generator branches; encode_bc4 also generates BC5 normal components,"Current v3 parser/transcode, v2 parser and CPU physical oracle",Raw/PackBits and BC5 remain current; BC4 elevation-specific branch is legacy,Local transcode/digest/corruption and explicit BC4 error metrics,Public format/codec enum and helper methods,Current four-channel physical pack; preserve shared compression and BC5 encoder,Retire only BC4 elevation semantics after old-format contract resolution; keep shared BC4 block encoder used for normals,KEEP — ACTIVE CONTRACT (shared primitives),High,Separate legacy elevation consumers from shared normal/storage primitives; do not remove by codec-name search
FIX-01,tests/fixtures/terrain/tiny-local.*,"697,539-byte schema-2/payload-1/terrain-4 fixture",Originally generated at 11bccb2; current recorded generator arguments no longer reproduce its identity,LocalTerrainStreamingAndGpuCompressionTest; generic native ValidateTerrainAsset,No production asset dependency,"Sequential bounds/order, sparse absence, Raw/PackBits, digest corruption, physical-error metrics",Fixture is tracked/public; old parser’s external status is a separate question,Bounded current-format fixture and current generator recipe,Create bounded schema-3 R16/control fixture support or explicitly migrate current non-regional contract to payload 2; update metadata/assertions; preserve original measured metrics as history,MIGRATE THEN RETIRE,High: actual payload/header and generator constants differ,Reproduction recipe and invariant mapping validated; resolve old payload contract before removing parser
FIX-02,tests/fixtures/terrain/tiny-global.*,"5,032-byte NCCUBE1/schema-1/terrain-44 fixture",Its dedicated global generator recipe,Global manifest/cache/native record verification regression,Generic verification protects current global asset path,Small six-record independent fixture; generic body/terrain IDs are intentional,"Public bounded fixture, current supported format",Existing current global fixture,No format migration required,KEEP — ACTIVE CONTRACT,High,Retire only with equivalent bounded current global verification
AUTH-01,CelestialSystemDefinition.cs:44,Internal six-argument pre-catalog TryCreate,"Ten direct call sites in Simulation.Tests, including the local CheckSystem wrapper","Hierarchy validation, time mapping, reserved-model rejection tests",No normal runtime or sample calls found,"Implicit source IDs, default payloads and Legacy-* catalog synthesis currently supply test inputs","Enclosing type and overload internal; six named friend assemblies, not arbitrary public C# callers",Explicit catalog/source/payload TryCreate,"Author bodies, sources and payloads explicitly; preserve identity/order, error precedence, no-publication behavior and copy isolation",MIGRATE THEN RETIRE,High for current caller boundary,Migrate ten direct sites and wrapper-driven cases; validate hashes and invariant coverage; remove synthesis only after parity
AUTH-02,CelestialSystemDefinition.cs:57,Internal ten-argument pre-catalog typed TryCreate,Twelve Simulation.Tests direct call sites,Typed source/payload validation and deterministic hash tests,None outside tests found,"Valid lookup, duplicate/missing source, indices, root model, payload values, domain mismatch and declaration-order hash sensitivity",Internal enclosing type and overload; explicit friend list,Explicit body-catalog overload,Provide body identity/physical catalog before nodes; preserve source declaration order and expected failures,MIGRATE THEN RETIRE,High,Twelve direct callers converted and equivalent deterministic/error tests pass
AUTH-03,CelestialSystemDefinition.cs:60,Internal twelve-argument pre-catalog sampled TryCreate,No qualified call site found; no static-import/reflection dispatch found,Only its own forwarding implementation remains,None,Current SampledDemo uses explicit Bodies(nodes) and thirteen-argument overload,Internal type and member; no supported external/public contract identified,Existing explicit catalog + sampled-payload overload,"No fixture needs this overload; removal candidate is just the overload, not shared hash/sample code",RETIRE — INTERNAL/HISTORICAL ONLY,High for source reachability; no compiled removal performed,"Bounded removal plus compilation/affected loader and Simulation validation; proposed for review, not removed in this read-only package"
AUTH-04,CelestialHierarchyNode.cs,"Legacy CelestialBodyDefinition constructors, field, LegacyDefinition and ParentId",Focused pre-catalog tests,AUTH-01/02 adapters; one ParentId copy-isolation assertion,Current production nodes use BodyId + Ephemeris,Legacy construction/copy tests; modern fixture families already use explicit catalogs,Internal record including constructors/accessors; public-looking members inherit internal type exposure,BodyId/Ephemeris node plus CelestialBodyCatalog identity/physical authority,Switch tests to explicit catalogs and inspect parent via catalog; preserve defensive-copy invariant rather than stale node storage,MIGRATE THEN RETIRE,High,AUTH-01/02 migrated; all legacy construction and accessor use gone with invariant coverage
AUTH-05,CelestialBodyDefinition.cs; CelestialStateStore.cs,Internal mechanical body definition,Simulation state/store and transaction fixtures,CelestialStateStore and dynamics; legacy authoring constructors are only one consumer,Current mechanical state responsibility remains,Independent simulation/dynamics/transaction invariants,Internal with named friend access,Existing mechanical state contract; not equivalent to retiring pre-catalog authoring adapter,Do not remove this shared type with AUTH-04,KEEP — ACTIVE CONTRACT,High,"Independent mechanical-state migration, outside the adapter retirement"
AUTH-06,CelestialSystemFixtures.cs,SolMini / GeocentricDemo / BinaryDemo / SampledDemo,Current fixture source constructs explicit body catalogs,Simulation/evaluation/reference-frame/Graphics regression and proof inputs,"Development/reference authority, not alternate production Solar dataset","Typed dispatch, hierarchy, reference-frame, sampled interpolation, precision and no-allocation invariants",Internal current fixtures with named friend consumers,Existing explicit-catalog authority,Preserve current fixtures; do not move old implicit synthesis into a duplicate helper,KEEP — ACTIVE CONTRACT,High,Equivalent independent current invariants must exist before fixture retirement
API-01,NovaCore.Core/Camera/CameraMath.cs,Public CameraMath.Right / Up / Forward,External C# callers could invoke; no current repository calls found,No internal/test/sample caller outside declaration,None found,No dedicated fixture requires the wrapper,Public NovaCore.Core.dll source API present in v0.5.0; no GitHub release or exact-ID NuGet package found,"DoubleQuaternion.Rotate(UnitX/UnitY/-UnitZ), preserving convention",Decide supported public surface; deprecate/document direct replacement before any removal if consumers exist,UNKNOWN — EXTERNAL CONSUMER RISK,High for local absence/public visibility; external inventory incomplete,Project Control resolves source/DLL distribution and support contract; coordinate convention preserved in migration
API-02,NovaCore.Core/Precision.cs:34,Public RelativePosition(Double3),External users could construct it; no current repository use beyond declaration,No internal/test/sample consumer found,None found,Current frame/camera-relative tests protect actual FP64 subtraction elsewhere,Public record in NovaCore.Core.dll; source exposed in v0.5.0,Explicit frame position/transform contracts and Double3 displacement as appropriate,Inventory meaning at external call sites; do not replace a displacement with absolute world position blindly,UNKNOWN — EXTERNAL CONSUMER RISK,High for local absence; consumer semantics unknown,Supported public contract and each consumer’s coordinate semantics resolved
API-03,PlanetaryLocalTerrain.cs public surface,"LegacyVersion, BC4 residual analysis, local loader schema-2 branches",Current non-regional generator and public caller-provided packs,Public generic format/CPU query tools; tiny-local tests; current R16 path shares file,Shared local dataset class/physical control needed; legacy branches not selected by current manifests,Legacy format/error metrics plus current R16 physical tests,"Public NovaCore.Graphics.dll methods/constants/enums; source distribution proven, external users unknown",Current schema-3 R16/control path with separate retained general codecs,Resolve CUBE-03/04 then narrow only legacy branches; keep generation-4 H and current CPU oracle,DEPRECATE / MIGRATE THEN RETIRE (legacy branches only),High for dependency split; external support unresolved,Old producers/artifacts/API support migrated; current physical parity and public migration conditions met
API-04,Simulation/CelestialSystemDefinition.cs; NcpeCelestialSystemLoader.cs,Explicit catalog constructors and byte-only loader visibility,"SolAnalyticalDefinition, current fixtures, NCPE v2 loader",Simulation internals and named friend assemblies,Current simulation authority,Current reconstruction and evaluator tests,Types are internal even where methods are declared public; no standalone public Simulation SDK contract inferred,Current accepted internal authority,Keep; friend-access list must be included when proving old member reachability,KEEP — ACTIVE CONTRACT,High,Separate accepted simulation authority replacement; not a legacy removal target
API-05,TerrainAssetDistribution.cs and local/global managed contracts,"Public asset manifest, verifier and parser APIs","AssetTool, current manifest-based samples and fixture loaders",Production resolution and development asset verification,Required current deployment boundary,Permanent fixture/hash/structure verification,Public NovaCore.Graphics.dll and documented developer commands,Current manifest-to-verified-path boundary,Keep; public generic parse capability does not confer production ownership on older inputs,KEEP — SUPPORTED PUBLIC CONTRACT,High for in-repository documented workflow; no claim of external support census,Equivalent supported tools/runtime workflow must replace it; no cache-policy work in this ticket
